{"web":{"client_id":"80527127043-c3kok5q17ohefkkjjalo7alr3q7alt7u.apps.googleusercontent.com","project_id":"filmesplay-2471d","auth_uri":"https://accounts.google.com/o/oauth2/auth","token_uri":"https://oauth2.googleapis.com/token","auth_provider_x509_cert_url":"https://www.googleapis.com/oauth2/v1/certs","client_secret":"SLc3z0_rh-MexLVnHnU0ydnZ","redirect_uris":["https://filmesplay-2471d.firebaseapp.com/__/auth/handler"],"javascript_origins":["http://localhost","http://localhost:5000","https://filmesplay-2471d.firebaseapp.com"]}}